/Projects/20230831-Preparing-to-be-a-Lifty/What-to-wear-as-a-lifty/index.{html} /Projects/20230831-Preparing-to-be-a-Lifty/What-to-wear-as-a-lifty/
/Resource/wiki/philosophy/Marcus-Aurelius/index.{html} /Resource/wiki/philosophy/Marcus-Aurelius/
/Areas/inbox/Untitled/index.{html} /Areas/inbox/Untitled/
/Resource/wiki/pkm/Personal-Information-Management/index.{html} /Resource/wiki/pkm/Personal-Information-Management/
/Resource/wiki/pkm//index.{html} /Resource/wiki/pkm//
/Resource/wiki/web-design/Quartz/index.{html} /Resource/wiki/web-design/Quartz/
/Areas/inbox/Snippet/index.{html} /Areas/inbox/Snippet/
/Areas/self-development//index.{html} /Areas/self-development//
/Resource/templates/post/index.{html} /Resource/templates/post/
/Areas/blog/posts/Digital-Cities/index.{html} /Areas/blog/posts/Digital-Cities/
/Projects/private/20230814-Plan-For-Summer-Season-End/Plan-for-after-summer-season-ends/index.{html} /Projects/private/20230814-Plan-For-Summer-Season-End/Plan-for-after-summer-season-ends/
/Projects/private/Gratitude/index.{html} /Projects/private/Gratitude/
/Projects/private/Untitled/index.{html} /Projects/private/Untitled/
/Resource/wiki/technology/Future-Tech/index.{html} /Resource/wiki/technology/Future-Tech/
/Resource/wiki/web-design/Taxonomies/index.{html} /Resource/wiki/web-design/Taxonomies/
/Resource/wiki/web-design//index.{html} /Resource/wiki/web-design//
/Areas/blog//index.{html} /Areas/blog//
/Areas/blog/posts/Structuring-the-Garden/index.{html} /Areas/blog/posts/Structuring-the-Garden/
/Areas/inbox/Scope/index.{html} /Areas/inbox/Scope/
/Areas/inbox/What-is-my-goal/index.{html} /Areas/inbox/What-is-my-goal/
/Areas/snowboarding/Snowboarding-101/index.{html} /Areas/snowboarding/Snowboarding-101/
/Resource/wiki/bartending//index.{html} /Resource/wiki/bartending//
/Resource/wiki/pkm/Second-Brain/index.{html} /Resource/wiki/pkm/Second-Brain/
/Resource/wiki/stoicism/Stoic/index.{html} /Resource/wiki/stoicism/Stoic/
/Areas/inbox/Anime-To-Watch-List/index.{html} /Areas/inbox/Anime-To-Watch-List/
/Areas/inbox/Objectivitiy/index.{html} /Areas/inbox/Objectivitiy/
/Areas/inbox/Success/index.{html} /Areas/inbox/Success/
/Areas/inbox/Untitled-1/index.{html} /Areas/inbox/Untitled-1/
/Projects/20230831-Preparing-to-be-a-Lifty/Preparing-to-be-a-Lifty/index.{html} /Projects/20230831-Preparing-to-be-a-Lifty/Preparing-to-be-a-Lifty/
/Resource/wiki/technology/Untitled/index.{html} /Resource/wiki/technology/Untitled/
/Resource/wiki/web-design/Hugo/index.{html} /Resource/wiki/web-design/Hugo/
/Resource/wiki/productivity//index.{html} /Resource/wiki/productivity//
/Resource/wiki/web-design/Digital-Garden/index.{html} /Resource/wiki/web-design/Digital-Garden/
/Areas/blog/posts/Humble-Beginnings/index.{html} /Areas/blog/posts/Humble-Beginnings/
/Resource/wiki/bartending/Japanese-Hard-Shake/index.{html} /Resource/wiki/bartending/Japanese-Hard-Shake/
/Resource/wiki/philosophy/Eudaimonia/index.{html} /Resource/wiki/philosophy/Eudaimonia/
/Resource/wiki/productivity/Actionability/index.{html} /Resource/wiki/productivity/Actionability/
/Resource/wiki/productivity/Obsidian/index.{html} /Resource/wiki/productivity/Obsidian/
/Resource/wiki/pkm/Personal-Knowledge-Management/index.{html} /Resource/wiki/pkm/Personal-Knowledge-Management/
/Resource/wiki/productivity/PARA/index.{html} /Resource/wiki/productivity/PARA/
/index.html /
/Areas/blog/posts/Creating-My-Digital-Garden/index.{html} /Areas/blog/posts/Creating-My-Digital-Garden/
/Areas/inbox/tenatic-numbers/index.{html} /Areas/inbox/tenatic-numbers/
/Areas/self-development/Motivation-is-Shit/index.{html} /Areas/self-development/Motivation-is-Shit/
/Projects/20230831-Preparing-to-be-a-Lifty/Snowboarding-vs-Skiing/index.{html} /Projects/20230831-Preparing-to-be-a-Lifty/Snowboarding-vs-Skiing/
/Resource/wiki/pkm/Knowledge-Management/index.{html} /Resource/wiki/pkm/Knowledge-Management/
